Pickup_Store_Name,,,Darlinghurst_store
Darlinghurst_store,,,North Sydney_store
North Sydney_store,,,Lane Cove_store
Lane Cove_store,,,Lavender Bay_store
Lavender Bay_store,,,Malabar_store
Malabar_store,,,Matraville_store
Matraville_store,,,Milsons Point_store
Milsons Point_store,,,North Ryde_store
North Ryde_store,,,Hervey Bay_store
Hervey Bay_store,,,Rhodes_store
NULL,,,Silverwater_store
Rhodes_store,,,Findon_store
Silverwater_store,,,St. Leonards_store
Findon_store,,,Sydney_store
St. Leonards_store,,,Wollongong_store
Sydney_store,,,Caloundra_store
Rhodes_store,,,Perth_store
Silverwater_store,,,Cranbourne_store
NULL,,,Melbourne_store
St. Leonards_store,,,Gold Coast_store
Silverwater_store,,,Seaford_store
Wollongong_store,,,Sunbury_store
Hervey Bay_store,,,Warrnambool_store
Caloundra_store,,,Alexandria_stroe
Wollongong_store,,,Port Macquarie_store
NULL,,,Malabar_store
Findon_store,,,East Brisbane_store
Perth_store,,,Milsons Point_store
Caloundra_store,,,Newcastle_store
Caloundra_store,,,Hawthorne_store
Cranbourne_store,,,Springwood_store
Caloundra_store,,,Rockhampton_store
Melbourne_store,,,Townsville_store
Gold Coast_store,,,Bendigo_store
Seaford_store,,,Rockhampton_store
Hervey Bay_store,,,Goulburn_store
Sunbury_store,,,Brisbane_store
Warrnambool_store,,,Alexandria_stroe
Alexandria_stroe,,,
Port Macquarie_store,,,
Darlinghurst_store,,,
Silverwater_store,,,
Lane Cove_store,,,
St. Leonards_store,,,
Malabar_store,,,
East Brisbane_store,,,
Milsons Point_store,,,
Newcastle_store,,,
East Brisbane_store,,,
Gold Coast_store,,,
Milsons Point_store,,,
Rhodes_store,,,
Hawthorne_store,,,
Springwood_store,,,
Port Macquarie_store,,,
Sydney_store,,,
Wollongong_store,,,
North Ryde_store,,,
St. Leonards_store,,,
NULL,,,
Gold Coast_store,,,
St. Leonards_store,,,
Sydney_store,,,
Rockhampton_store,,,
Townsville_store,,,
Springwood_store,,,
St. Leonards_store,,,
Perth_store,,,
Hobart_store,,,
Bendigo_store,,,
Gold Coast_store,,,
Hawthorne_store,,,
Cloverdale_store,,,
Rockhampton_store,,,
Seaford_store,,,
South Melbourne_store,,,
Sunbury_store,,,
Silverwater_store,,,
Port Macquarie_store,,,
North Sydney_store,,,
Darlinghurst_store,,,
Goulburn_store,,,
Brisbane_store,,,
Caloundra_store,,,
Malabar_store,,,
Findon_store,,,
Hervey Bay_store,,,
Rockhampton_store,,,
Rhodes_store,,,
Rhodes_store,,,
Springwood_store,,,
Springwood_store,,,
Newcastle_store,,,
North Ryde_store,,,
Wollongong_store,,,
Silverwater_store,,,
East Brisbane_store,,,
Gold Coast_store,,,
Hawthorne_store,,,
Hervey Bay_store,,,
Rockhampton_store,,,
Brisbane_store,,,
Rockhampton_store,,,
Townsville_store,,,
Perth_store,,,
North Ryde_store,,,
North Sydney_store,,,
Cranbourne_store,,,
Geelong_store,,,
Melbourne_store,,,
Melton_store,,,
Seaford_store,,,
South Melbourne_store,,,
Wollongong_store,,,
Warrnambool_store,,,
Alexandria_stroe,,,
Coffs Harbour_store,,,
Sydney_store,,,
Goulburn_store,,,
Lane Cove_store,,,
Caloundra_store,,,
Malabar_store,,,
Matraville_store,,,
Milsons Point_store,,,
Cloverdale_store,,,
North Ryde_store,,,
North Sydney_store,,,
Port Macquarie_store,,,
Rhodes_store,,,
Silverwater_store,,,
Springwood_store,,,
North Sydney_store,,,
Sydney_store,,,
Wollongong_store,,,
Brisbane_store,,,
Caloundra_store,,,
St. Leonards_store,,,
Gold Coast_store,,,
Wollongong_store,,,
Brisbane_store,,,
Rockhampton_store,,,
Townsville_store,,,
Gold Coast_store,,,
Findon_store,,,
North Sydney_store,,,
Hobart_store,,,
North Ryde_store,,,
Cranbourne_store,,,
Melbourne_store,,,
Melton_store,,,
North Ryde_store,,,
North Sydney_store,,,
Silverwater_store,,,
Springwood_store,,,
Alexandria_stroe,,,
Coffs Harbour_store,,,
Darlinghurst_store,,,
Goulburn_store,,,
Lane Cove_store,,,
Lavender Bay_store,,,
Gold Coast_store,,,
Matraville_store,,,
Milsons Point_store,,,
Findon_store,,,
North Ryde_store,,,
Hobart_store,,,
Port Macquarie_store,,,
Rhodes_store,,,
Silverwater_store,,,
Rhodes_store,,,
St. Leonards_store,,,
Wollongong_store,,,
Wollongong_store,,,
Brisbane_store,,,
Caloundra_store,,,
Brisbane_store,,,
Gold Coast_store,,,
Hawthorne_store,,,
Rockhampton_store,,,
Hawthorne_store,,,
Hervey Bay_store,,,
Cloverdale_store,,,
Hawthorne_store,,,
Perth_store,,,
North Ryde_store,,,
Bendigo_store,,,
Cranbourne_store,,,
Geelong_store,,,
North Sydney_store,,,
Melton_store,,,
Seaford_store,,,
South Melbourne_store,,,
Wollongong_store,,,
Warrnambool_store,,,
Alexandria_stroe,,,
Coffs Harbour_store,,,
Darlinghurst_store,,,
Goulburn_store,,,
Hervey Bay_store,,,
Lavender Bay_store,,,
Malabar_store,,,
Cloverdale_store,,,
Milsons Point_store,,,
North Sydney_store,,,
Rockhampton_store,,,
Rhodes_store,,,
Port Macquarie_store,,,
Rhodes_store,,,
Silverwater_store,,,
Port Macquarie_store,,,
St. Leonards_store,,,
Sydney_store,,,
Wollongong_store,,,
St. Leonards_store,,,
Sydney_store,,,
East Brisbane_store,,,
Brisbane_store,,,
Hawthorne_store,,,
Hervey Bay_store,,,
Rockhampton_store,,,
Townsville_store,,,
Newcastle_store,,,
Findon_store,,,
Perth_store,,,
Hobart_store,,,
Bendigo_store,,,
Cranbourne_store,,,
Springwood_store,,,
Melbourne_store,,,
Melton_store,,,
Seaford_store,,,
St. Leonards_store,,,
Sydney_store,,,
Warrnambool_store,,,
Alexandria_stroe,,,
Wollongong_store,,,
Darlinghurst_store,,,
Caloundra_store,,,
Hawthorne_store,,,
Hervey Bay_store,,,
Malabar_store,,,
Matraville_store,,,
Hervey Bay_store,,,
Newcastle_store,,,
Perth_store,,,
Hobart_store,,,
Port Macquarie_store,,,
North Sydney_store,,,
Springwood_store,,,
Springwood_store,,,
Port Macquarie_store,,,
Wollongong_store,,,
Brisbane_store,,,
Caloundra_store,,,
Caloundra_store,,,
Sydney_store,,,
Gold Coast_store,,,
Hawthorne_store,,,
Rockhampton_store,,,
Rockhampton_store,,,
Townsville_store,,,
Cloverdale_store,,,
Findon_store,,,
Perth_store,,,
Rhodes_store,,,
Silverwater_store,,,
Springwood_store,,,
St. Leonards_store,,,
Sydney_store,,,
Melton_store,,,
Seaford_store,,,
Sydney_store,,,
Sunbury_store,,,
Warrnambool_store,,,
Alexandria_stroe,,,
Brisbane_store,,,
Hawthorne_store,,,
Goulburn_store,,,
Lane Cove_store,,,
Lavender Bay_store,,,
Malabar_store,,,
Matraville_store,,,
Milsons Point_store,,,
Newcastle_store,,,
North Ryde_store,,,
Silverwater_store,,,
Port Macquarie_store,,,
St. Leonards_store,,,
Silverwater_store,,,
Springwood_store,,,
St. Leonards_store,,,
Sydney_store,,,
Wollongong_store,,,
Brisbane_store,,,
Caloundra_store,,,
Rockhampton_store,,,
Gold Coast_store,,,
Hawthorne_store,,,
Hervey Bay_store,,,
Findon_store,,,
Milsons Point_store,,,
Cloverdale_store,,,
Findon_store,,,
Perth_store,,,
Hobart_store,,,
Milsons Point_store,,,
Newcastle_store,,,
Geelong_store,,,
Melbourne_store,,,
Springwood_store,,,
Sydney_store,,,
South Melbourne_store,,,
Sunbury_store,,,
Warrnambool_store,,,
Alexandria_stroe,,,
Gold Coast_store,,,
Darlinghurst_store,,,
Caloundra_store,,,
Lane Cove_store,,,
Rockhampton_store,,,
Townsville_store,,,
North Ryde_store,,,
Findon_store,,,
Newcastle_store,,,
Newcastle_store,,,
North Sydney_store,,,
Port Macquarie_store,,,
Rhodes_store,,,
Rhodes_store,,,
Sydney_store,,,
St. Leonards_store,,,
Sydney_store,,,
Wollongong_store,,,
Brisbane_store,,,
Brisbane_store,,,
East Brisbane_store,,,
East Brisbane_store,,,
Gold Coast_store,,,
Hervey Bay_store,,,
Hervey Bay_store,,,
Milsons Point_store,,,
Newcastle_store,,,
Cloverdale_store,,,
North Sydney_store,,,
Hobart_store,,,
Hobart_store,,,
Cranbourne_store,,,
Geelong_store,,,
Melbourne_store,,,
St. Leonards_store,,,
Seaford_store,,,
South Melbourne_store,,,
Caloundra_store,,,
Warrnambool_store,,,
Gold Coast_store,,,
Caloundra_store,,,
Brisbane_store,,,
North Ryde_store,,,
Hawthorne_store,,,
Caloundra_store,,,
Hawthorne_store,,,
Hervey Bay_store,,,
Rockhampton_store,,,
St. Leonards_store,,,
Rockhampton_store,,,
Rhodes_store,,,
Brisbane_store,,,
Caloundra_store,,,
St. Leonards_store,,,
Sydney_store,,,
Hawthorne_store,,,
Hervey Bay_store,,,
Caloundra_store,,,
Townsville_store,,,
Brisbane_store,,,
Findon_store,,,
Hervey Bay_store,,,
Caloundra_store,,,
Bendigo_store,,,
Newcastle_store,,,
Rockhampton_store,,,
Melbourne_store,,,
Newcastle_store,,,
Rhodes_store,,,
Silverwater_store,,,
Springwood_store,,,
North Sydney_store,,,
Sydney_store,,,
Coffs Harbour_store,,,
Darlinghurst_store,,,
Silverwater_store,,,
Lane Cove_store,,,
Brisbane_store,,,
Malabar_store,,,
Matraville_store,,,
Brisbane_store,,,
Hawthorne_store,,,
Hervey Bay_store,,,
Milsons Point_store,,,
Port Macquarie_store,,,
Newcastle_store,,,
North Ryde_store,,,
Springwood_store,,,
Hobart_store,,,
Silverwater_store,,,
Wollongong_store,,,
Brisbane_store,,,
Caloundra_store,,,
Sydney_store,,,
Gold Coast_store,,,
Caloundra_store,,,
Hervey Bay_store,,,
Rockhampton_store,,,
Sydney_store,,,
Cloverdale_store,,,
Rockhampton_store,,,
Perth_store,,,
Hawthorne_store,,,
Cloverdale_store,,,
North Sydney_store,,,
Hervey Bay_store,,,
North Sydney_store,,,
Melton_store,,,
Newcastle_store,,,
Rhodes_store,,,
Springwood_store,,,
St. Leonards_store,,,
St. Leonards_store,,,
Coffs Harbour_store,,,
Brisbane_store,,,
Brisbane_store,,,
Lane Cove_store,,,
Lavender Bay_store,,,
Malabar_store,,,
Hervey Bay_store,,,
Milsons Point_store,,,
Milsons Point_store,,,
Townsville_store,,,
North Ryde_store,,,
Findon_store,,,
Rhodes_store,,,
Silverwater_store,,,
Rhodes_store,,,
Silverwater_store,,,
Springwood_store,,,
St. Leonards_store,,,
Brisbane_store,,,
Caloundra_store,,,
Brisbane_store,,,
East Brisbane_store,,,
Wollongong_store,,,
Hervey Bay_store,,,
Rockhampton_store,,,
Caloundra_store,,,
Cloverdale_store,,,
East Brisbane_store,,,
Perth_store,,,
Hawthorne_store,,,
Bendigo_store,,,
Rockhampton_store,,,
Milsons Point_store,,,
Cloverdale_store,,,
North Ryde_store,,,
North Sydney_store,,,
South Melbourne_store,,,
Silverwater_store,,,
Warrnambool_store,,,
Alexandria_stroe,,,
Coffs Harbour_store,,,
Sydney_store,,,
Goulburn_store,,,
Lane Cove_store,,,
Lavender Bay_store,,,
Malabar_store,,,
Gold Coast_store,,,
Milsons Point_store,,,
Newcastle_store,,,
North Ryde_store,,,
North Sydney_store,,,
Port Macquarie_store,,,
Rhodes_store,,,
Milsons Point_store,,,
Springwood_store,,,
St. Leonards_store,,,
Sydney_store,,,
Hobart_store,,,
Brisbane_store,,,
Silverwater_store,,,
East Brisbane_store,,,
Gold Coast_store,,,
Hawthorne_store,,,
Wollongong_store,,,
Silverwater_store,,,
Townsville_store,,,
Cloverdale_store,,,
Findon_store,,,
Wollongong_store,,,
Hobart_store,,,
Bendigo_store,,,
Hawthorne_store,,,
Cloverdale_store,,,
Melbourne_store,,,
Hervey Bay_store,,,
Hobart_store,,,
South Melbourne_store,,,
Sunbury_store,,,
Port Macquarie_store,,,
Rhodes_store,,,
Brisbane_store,,,
Goulburn_store,,,
Lane Cove_store,,,
East Brisbane_store,,,
Malabar_store,,,
Hervey Bay_store,,,
Milsons Point_store,,,
Gold Coast_store,,,
North Ryde_store,,,
North Sydney_store,,,
Findon_store,,,
North Sydney_store,,,
Silverwater_store,,,
Milsons Point_store,,,
St. Leonards_store,,,
Sydney_store,,,
Wollongong_store,,,
Brisbane_store,,,
Rhodes_store,,,
East Brisbane_store,,,
Sydney_store,,,
Hawthorne_store,,,
Brisbane_store,,,
Rockhampton_store,,,
Townsville_store,,,
Cloverdale_store,,,
Hawthorne_store,,,
Perth_store,,,
Hobart_store,,,
Bendigo_store,,,
Hobart_store,,,
Geelong_store,,,
Melbourne_store,,,
Melton_store,,,
Seaford_store,,,
North Sydney_store,,,
Sunbury_store,,,
St. Leonards_store,,,
Alexandria_stroe,,,
Coffs Harbour_store,,,
Silverwater_store,,,
Goulburn_store,,,
St. Leonards_store,,,
Lavender Bay_store,,,
Hawthorne_store,,,
East Brisbane_store,,,
Rockhampton_store,,,
Milsons Point_store,,,
North Ryde_store,,,
North Sydney_store,,,
Port Macquarie_store,,,
Hobart_store,,,
North Ryde_store,,,
Springwood_store,,,
St. Leonards_store,,,
St. Leonards_store,,,
Wollongong_store,,,
Brisbane_store,,,
Caloundra_store,,,
East Brisbane_store,,,
Wollongong_store,,,
Hawthorne_store,,,
Hervey Bay_store,,,
Gold Coast_store,,,
Townsville_store,,,
Hervey Bay_store,,,
Findon_store,,,
Hawthorne_store,,,
Hobart_store,,,
North Ryde_store,,,
North Sydney_store,,,
Geelong_store,,,
Melbourne_store,,,
North Sydney_store,,,
Seaford_store,,,
North Sydney_store,,,
Sunbury_store,,,
Warrnambool_store,,,
Alexandria_stroe,,,
Caloundra_store,,,
Darlinghurst_store,,,
Goulburn_store,,,
Lane Cove_store,,,
Hervey Bay_store,,,
Caloundra_store,,,
Matraville_store,,,
Gold Coast_store,,,
